date,PRECTOTCORR,T2M_MAX,T2M_MIN,RH2M,WS2M,latitude,longitude
20240101,0.0,27.86,17.68,82.81,1.05,10.6583,77.0094
20240102,1.48,26.35,19.12,85.8,1.23,10.6583,77.0094
20240103,2.22,26.99,18.75,86.19,0.99,10.6583,77.0094
20240104,8.63,26.68,19.69,89.72,0.88,10.6583,77.0094
20240105,9.44,27.06,20.6,88.88,1.0,10.6583,77.0094
20240106,3.03,25.64,19.88,88.91,1.26,10.6583,77.0094
20240107,0.7,26.28,19.56,87.19,1.39,10.6583,77.0094
20240108,1.96,27.03,20.03,88.77,1.74,10.6583,77.0094
20240109,13.66,26.14,20.44,90.55,2.0,10.6583,77.0094
20240110,0.93,24.55,19.35,87.54,1.66,10.6583,77.0094
20240111,0.01,26.82,18.87,82.98,1.94,10.6583,77.0094
20240112,0.0,26.95,18.13,82.95,2.02,10.6583,77.0094
20240113,0.0,27.31,17.28,83.41,1.61,10.6583,77.0094
20240114,0.0,27.87,18.68,82.53,1.29,10.6583,77.0094
20240115,0.0,27.51,17.04,80.31,1.1,10.6583,77.0094
20240116,0.0,27.36,15.6,79.77,0.93,10.6583,77.0094
20240117,0.0,27.87,16.78,76.39,0.88,10.6583,77.0094
20240118,0.0,28.31,16.3,71.22,0.84,10.6583,77.0094
20240119,0.86,29.26,17.33,80.83,0.9,10.6583,77.0094
20240120,1.13,29.06,19.84,83.75,1.23,10.6583,77.0094
20240121,0.1,29.42,19.29,78.74,1.27,10.6583,77.0094
20240122,0.0,29.84,18.37,78.05,1.17,10.6583,77.0094
20240123,0.01,29.18,17.97,77.85,1.05,10.6583,77.0094
20240124,0.73,29.65,18.7,79.46,0.52,10.6583,77.0094
20240125,0.0,29.15,18.82,76.19,0.98,10.6583,77.0094
20240126,0.0,28.93,17.32,74.89,1.44,10.6583,77.0094
20240127,0.0,28.57,17.85,74.82,1.6,10.6583,77.0094
20240128,0.0,29.12,18.77,75.68,1.53,10.6583,77.0094
20240129,0.0,29.46,17.35,73.39,1.28,10.6583,77.0094
20240130,0.0,30.06,16.14,71.16,0.96,10.6583,77.0094
20240131,0.01,30.7,17.27,76.63,0.84,10.6583,77.0094
20240201,0.01,31.09,19.59,75.57,0.7,10.6583,77.0094
20240202,0.01,31.51,19.88,74.13,0.5,10.6583,77.0094
20240203,0.03,31.71,20.23,75.08,1.02,10.6583,77.0094
20240204,0.0,30.72,18.55,70.92,1.43,10.6583,77.0094
20240205,0.0,30.39,16.6,69.42,1.52,10.6583,77.0094
20240206,0.0,30.63,15.85,70.27,1.56,10.6583,77.0094
20240207,0.0,31.32,15.97,68.43,1.42,10.6583,77.0094
20240208,0.0,31.93,15.39,66.19,1.3,10.6583,77.0094
20240209,0.0,31.45,15.65,67.48,1.57,10.6583,77.0094
20240210,0.0,30.94,16.78,70.8,1.74,10.6583,77.0094
20240211,0.01,31.51,18.33,69.47,1.77,10.6583,77.0094
20240212,0.0,31.46,16.38,67.82,1.76,10.6583,77.0094
20240213,0.0,31.36,17.05,69.72,1.7,10.6583,77.0094
20240214,0.0,32.32,19.65,69.92,1.7,10.6583,77.0094
20240215,0.0,31.82,17.8,66.84,1.78,10.6583,77.0094
20240216,0.0,32.38,18.53,67.58,1.87,10.6583,77.0094
20240217,0.0,33.42,18.56,65.93,1.47,10.6583,77.0094
20240218,0.0,33.2,17.64,61.06,1.24,10.6583,77.0094
20240219,0.0,33.69,18.21,65.0,1.21,10.6583,77.0094
20240220,0.12,34.03,19.51,65.14,0.98,10.6583,77.0094
20240221,0.32,33.76,22.12,69.38,0.85,10.6583,77.0094
20240222,0.0,34.11,21.69,63.87,1.26,10.6583,77.0094
20240223,0.0,35.43,20.37,63.33,1.1,10.6583,77.0094
20240224,0.0,34.62,20.93,63.67,0.77,10.6583,77.0094
20240225,0.0,34.85,21.62,60.29,1.2,10.6583,77.0094
20240226,0.0,34.23,19.8,57.99,2.18,10.6583,77.0094
20240227,0.0,34.27,21.84,60.21,2.26,10.6583,77.0094
20240228,0.0,34.77,19.89,55.73,1.7,10.6583,77.0094
20240229,0.0,34.99,19.93,52.83,1.65,10.6583,77.0094
20240301,0.0,32.31,19.21,55.79,1.69,10.6583,77.0094
20240302,0.0,34.57,17.54,47.23,1.17,10.6583,77.0094
20240303,0.0,35.77,20.93,50.28,0.72,10.6583,77.0094
20240304,0.0,36.78,21.29,52.71,0.63,10.6583,77.0094
20240305,0.0,36.94,20.67,51.2,0.91,10.6583,77.0094
20240306,0.0,36.39,21.79,55.93,0.81,10.6583,77.0094
20240307,0.0,37.44,22.42,49.93,0.58,10.6583,77.0094
20240308,0.0,36.35,21.73,56.11,0.67,10.6583,77.0094
20240309,0.0,37.35,22.01,54.77,0.6,10.6583,77.0094
20240310,0.0,37.25,22.73,54.57,0.59,10.6583,77.0094
20240311,0.0,36.72,22.15,49.45,0.88,10.6583,77.0094
20240312,0.04,36.9,22.46,48.62,1.01,10.6583,77.0094
20240313,0.27,36.54,22.36,57.07,0.65,10.6583,77.0094
20240314,0.73,36.04,22.89,65.06,1.22,10.6583,77.0094
20240315,0.07,37.47,22.63,58.24,0.82,10.6583,77.0094
20240316,0.12,37.8,22.71,52.13,0.6,10.6583,77.0094
20240317,0.0,37.32,20.78,46.01,1.03,10.6583,77.0094
20240318,0.0,37.19,21.79,47.72,0.69,10.6583,77.0094
20240319,0.0,37.53,21.81,48.05,0.84,10.6583,77.0094
20240320,0.11,37.82,22.24,46.65,0.78,10.6583,77.0094
20240321,0.2,36.94,20.34,52.61,1.1,10.6583,77.0094
20240322,0.02,36.94,22.68,52.57,1.0,10.6583,77.0094
20240323,0.86,37.26,22.96,54.27,1.03,10.6583,77.0094
20240324,0.98,37.29,22.46,48.87,1.37,10.6583,77.0094
20240325,0.01,37.27,20.3,43.82,1.5,10.6583,77.0094
20240326,0.35,37.58,21.43,38.63,1.21,10.6583,77.0094
20240327,0.0,37.88,22.72,42.24,0.92,10.6583,77.0094
20240328,0.71,38.74,22.26,48.78,0.88,10.6583,77.0094
20240329,1.31,37.79,24.14,55.78,0.91,10.6583,77.0094
20240330,0.0,38.38,23.25,54.35,0.98,10.6583,77.0094
20240331,0.0,37.94,24.32,54.13,0.54,10.6583,77.0094
20240401,0.0,38.17,23.53,56.73,0.98,10.6583,77.0094
20240402,0.42,38.16,24.18,59.53,1.09,10.6583,77.0094
20240403,0.64,38.47,24.29,59.39,1.02,10.6583,77.0094
20240404,0.77,38.61,24.73,57.41,0.94,10.6583,77.0094
20240405,1.22,39.26,24.38,59.14,0.91,10.6583,77.0094
20240406,0.0,37.47,24.9,56.14,0.81,10.6583,77.0094
20240407,0.0,39.07,24.72,57.08,1.0,10.6583,77.0094
20240408,0.37,39.88,25.18,54.39,0.72,10.6583,77.0094
20240409,0.46,38.94,24.11,50.42,1.14,10.6583,77.0094
20240410,1.39,38.42,23.33,49.57,1.2,10.6583,77.0094
20240411,5.07,38.49,23.73,56.03,0.95,10.6583,77.0094
20240412,11.7,35.46,23.74,69.01,1.05,10.6583,77.0094
20240413,2.61,35.25,22.43,68.15,0.95,10.6583,77.0094
20240414,1.16,36.3,22.66,62.56,1.16,10.6583,77.0094
20240415,0.0,37.33,21.72,57.67,1.29,10.6583,77.0094
20240416,0.0,38.07,22.86,57.47,1.03,10.6583,77.0094
20240417,0.0,36.42,25.28,68.16,1.37,10.6583,77.0094
20240418,0.0,34.08,25.27,72.32,1.66,10.6583,77.0094
20240419,0.0,33.25,24.85,71.85,1.6,10.6583,77.0094
20240420,0.02,36.63,24.74,63.77,1.26,10.6583,77.0094
20240421,1.04,38.23,24.18,60.9,0.77,10.6583,77.0094
20240422,1.58,35.46,25.09,67.9,1.22,10.6583,77.0094
20240423,0.38,36.59,24.83,62.11,0.83,10.6583,77.0094
20240424,0.31,36.61,25.0,59.56,0.73,10.6583,77.0094
20240425,0.24,38.38,23.67,57.34,0.99,10.6583,77.0094
20240426,0.0,39.2,24.81,56.32,0.94,10.6583,77.0094
20240427,0.0,39.63,25.44,54.54,0.9,10.6583,77.0094
20240428,0.01,40.14,24.64,52.06,0.79,10.6583,77.0094
20240429,0.02,40.32,24.96,51.37,0.82,10.6583,77.0094
20240430,0.72,39.36,25.08,60.94,1.62,10.6583,77.0094
20240501,0.55,38.84,24.91,66.11,1.93,10.6583,77.0094
20240502,0.0,38.99,25.7,62.04,1.76,10.6583,77.0094
20240503,0.04,35.41,26.36,68.55,2.17,10.6583,77.0094
20240504,0.79,37.32,24.96,59.63,1.91,10.6583,77.0094
20240505,2.09,37.05,23.46,63.19,2.01,10.6583,77.0094
20240506,0.23,37.95,23.87,60.17,2.16,10.6583,77.0094
20240507,0.85,38.44,24.55,59.96,1.69,10.6583,77.0094
20240508,1.66,36.77,24.75,62.49,0.88,10.6583,77.0094
20240509,10.52,33.7,24.56,72.5,0.92,10.6583,77.0094
20240510,8.98,30.86,24.31,78.61,0.56,10.6583,77.0094
20240511,5.43,33.46,23.57,75.84,0.47,10.6583,77.0094
20240512,6.03,31.38,24.16,79.79,0.61,10.6583,77.0094
20240513,6.15,31.22,24.1,80.0,0.56,10.6583,77.0094
20240514,4.63,33.48,23.17,74.49,0.48,10.6583,77.0094
20240515,8.35,34.47,23.24,73.42,0.6,10.6583,77.0094
20240516,7.41,30.98,24.08,78.32,0.61,10.6583,77.0094
20240517,25.98,33.37,22.68,76.2,0.52,10.6583,77.0094
20240518,20.28,30.48,23.83,85.2,0.94,10.6583,77.0094
20240519,15.47,29.2,23.09,86.12,2.05,10.6583,77.0094
20240520,25.34,25.81,23.06,92.39,1.32,10.6583,77.0094
20240521,19.72,29.33,22.9,84.22,0.69,10.6583,77.0094
20240522,33.42,27.86,22.67,92.64,1.12,10.6583,77.0094
20240523,14.86,26.63,23.9,94.55,1.27,10.6583,77.0094
20240524,15.42,28.23,23.34,90.67,1.67,10.6583,77.0094
20240525,10.61,27.11,22.79,89.64,1.73,10.6583,77.0094
20240526,4.03,27.79,22.03,89.32,2.13,10.6583,77.0094
20240527,5.29,28.55,22.57,87.8,2.34,10.6583,77.0094
20240528,16.98,26.47,23.07,92.78,2.23,10.6583,77.0094
20240529,29.35,28.06,23.11,89.2,2.11,10.6583,77.0094
20240530,8.14,29.09,22.92,90.0,1.92,10.6583,77.0094
20240531,9.11,28.17,23.06,91.33,1.61,10.6583,77.0094
20240601,8.73,28.19,23.71,92.44,1.77,10.6583,77.0094
20240602,10.14,28.09,22.86,88.87,0.82,10.6583,77.0094
20240603,7.86,28.7,22.92,88.7,1.23,10.6583,77.0094
20240604,1.96,28.78,22.65,89.01,1.49,10.6583,77.0094
20240605,5.1,27.35,22.93,91.74,1.37,10.6583,77.0094
20240606,23.29,26.9,22.03,90.31,1.4,10.6583,77.0094
20240607,6.19,28.23,21.35,88.78,1.53,10.6583,77.0094
20240608,8.05,27.28,22.11,90.69,2.16,10.6583,77.0094
20240609,5.12,27.17,22.73,90.19,2.24,10.6583,77.0094
20240610,3.09,27.6,21.97,88.95,2.28,10.6583,77.0094
20240611,4.58,26.55,21.18,89.04,1.93,10.6583,77.0094
20240612,7.61,27.1,21.38,86.82,1.86,10.6583,77.0094
20240613,2.04,28.89,20.74,84.23,1.65,10.6583,77.0094
20240614,0.28,29.21,20.94,87.14,1.56,10.6583,77.0094
20240615,1.27,28.8,22.22,88.28,1.81,10.6583,77.0094
20240616,1.64,28.7,22.28,89.09,1.6,10.6583,77.0094
20240617,2.84,28.41,21.57,87.24,1.53,10.6583,77.0094
20240618,15.34,27.74,21.43,89.4,1.74,10.6583,77.0094
20240619,10.74,27.8,22.08,88.27,2.05,10.6583,77.0094
20240620,4.4,27.48,21.17,87.72,2.27,10.6583,77.0094
20240621,2.69,27.55,21.14,85.97,1.98,10.6583,77.0094
20240622,4.1,26.16,21.24,89.0,2.01,10.6583,77.0094
20240623,9.83,25.78,21.41,89.36,2.47,10.6583,77.0094
20240624,15.53,25.2,21.42,90.72,2.64,10.6583,77.0094
20240625,19.01,26.36,21.43,86.8,3.02,10.6583,77.0094
20240626,15.98,26.14,21.39,89.61,2.92,10.6583,77.0094
20240627,5.92,25.77,21.3,88.27,2.21,10.6583,77.0094
20240628,3.24,27.6,21.36,88.56,1.87,10.6583,77.0094
20240629,7.38,26.77,21.54,90.9,1.77,10.6583,77.0094
20240630,3.0,26.6,20.88,91.11,1.37,10.6583,77.0094
20240701,34.62,26.1,21.06,90.86,1.62,10.6583,77.0094
20240702,5.16,27.5,20.14,85.91,1.43,10.6583,77.0094
20240703,4.3,27.74,21.03,89.87,1.7,10.6583,77.0094
20240704,1.37,27.4,21.34,86.94,1.72,10.6583,77.0094
20240705,2.16,26.89,21.29,88.64,1.81,10.6583,77.0094
20240706,5.7,25.21,21.04,90.88,1.92,10.6583,77.0094
20240707,3.54,26.72,21.55,89.43,2.09,10.6583,77.0094
20240708,6.55,24.97,21.22,92.2,2.4,10.6583,77.0094
20240709,2.81,25.51,20.7,91.49,2.13,10.6583,77.0094
20240710,8.02,26.18,21.21,91.31,1.96,10.6583,77.0094
20240711,3.5,26.61,20.81,86.77,1.47,10.6583,77.0094
20240712,12.14,27.56,20.8,89.0,1.97,10.6583,77.0094
20240713,13.4,25.71,21.1,91.04,2.2,10.6583,77.0094
20240714,11.29,27.14,21.0,88.82,2.6,10.6583,77.0094
20240715,37.54,24.03,22.36,93.07,3.65,10.6583,77.0094
20240716,16.93,25.15,21.19,92.27,3.39,10.6583,77.0094
20240717,21.66,25.69,21.84,91.56,3.02,10.6583,77.0094
20240718,9.67,24.95,22.12,91.89,3.24,10.6583,77.0094
20240719,6.9,25.77,21.73,92.21,3.04,10.6583,77.0094
20240720,2.88,25.91,22.21,91.51,2.74,10.6583,77.0094
20240721,0.53,26.47,21.75,90.94,2.82,10.6583,77.0094
20240722,2.62,26.11,21.57,90.04,2.49,10.6583,77.0094
20240723,3.18,26.63,21.28,89.49,2.24,10.6583,77.0094
20240724,6.39,26.79,21.38,88.8,2.49,10.6583,77.0094
20240725,13.34,26.43,21.46,88.81,3.01,10.6583,77.0094
20240726,7.41,25.14,22.31,91.9,3.2,10.6583,77.0094
20240727,4.13,25.83,21.32,91.36,2.6,10.6583,77.0094
20240728,8.98,26.68,20.91,90.38,2.85,10.6583,77.0094
20240729,43.2,25.77,22.24,91.85,3.12,10.6583,77.0094
20240730,13.15,25.28,21.61,92.35,2.21,10.6583,77.0094
20240731,8.63,26.2,21.83,93.2,1.96,10.6583,77.0094
20240801,12.32,27.05,22.18,91.73,2.17,10.6583,77.0094
20240802,2.72,25.23,21.3,92.4,2.09,10.6583,77.0094
20240803,4.2,26.6,20.85,90.28,1.63,10.6583,77.0094
20240804,8.75,26.46,21.16,90.99,1.56,10.6583,77.0094
20240805,4.68,26.71,20.69,91.24,1.4,10.6583,77.0094
20240806,10.76,26.83,21.69,89.94,1.54,10.6583,77.0094
20240807,6.79,25.59,21.44,93.13,1.59,10.6583,77.0094
20240808,3.54,25.74,21.16,92.84,1.83,10.6583,77.0094
20240809,3.55,26.93,21.2,91.51,1.6,10.6583,77.0094
20240810,10.6,25.55,22.02,93.64,1.51,10.6583,77.0094
20240811,8.11,27.52,21.64,91.21,0.87,10.6583,77.0094
20240812,11.17,28.23,23.17,89.67,0.77,10.6583,77.0094
20240813,38.79,29.36,22.5,85.73,0.58,10.6583,77.0094
20240814,21.78,27.95,22.82,88.54,0.47,10.6583,77.0094
20240815,16.89,29.11,22.25,89.64,0.86,10.6583,77.0094
20240816,9.36,27.95,23.21,92.52,0.52,10.6583,77.0094
20240817,5.4,26.97,22.54,93.0,1.94,10.6583,77.0094
20240818,9.91,27.46,22.13,90.01,0.57,10.6583,77.0094
20240819,4.7,27.56,22.72,91.94,1.24,10.6583,77.0094
20240820,11.23,27.29,21.99,90.86,1.08,10.6583,77.0094
20240821,7.43,25.47,21.37,91.99,2.09,10.6583,77.0094
20240822,0.53,26.41,21.06,90.77,1.97,10.6583,77.0094
20240823,0.01,28.24,20.39,89.18,1.58,10.6583,77.0094
20240824,0.66,27.0,21.17,90.78,1.95,10.6583,77.0094
20240825,0.95,26.74,21.62,90.52,2.33,10.6583,77.0094
20240826,1.73,26.66,21.53,90.4,2.45,10.6583,77.0094
20240827,2.12,27.02,21.71,90.71,2.14,10.6583,77.0094
20240828,2.9,26.29,21.7,91.04,1.75,10.6583,77.0094
20240829,11.43,26.93,21.5,90.9,2.19,10.6583,77.0094
20240830,12.39,25.78,22.15,94.05,2.04,10.6583,77.0094
20240831,7.66,25.57,21.97,92.88,2.06,10.6583,77.0094
20240901,4.1,25.67,21.95,91.77,1.93,10.6583,77.0094
20240902,7.04,25.48,21.34,91.73,2.02,10.6583,77.0094
20240903,4.07,26.68,22.02,91.72,2.02,10.6583,77.0094
20240904,5.66,27.12,22.1,91.36,1.99,10.6583,77.0094
20240905,2.83,27.68,21.71,90.69,1.83,10.6583,77.0094
20240906,2.06,26.75,21.99,92.57,1.74,10.6583,77.0094
20240907,3.98,27.49,21.64,91.18,1.76,10.6583,77.0094
20240908,7.4,26.52,21.97,91.11,2.01,10.6583,77.0094
20240909,5.69,25.84,21.91,92.79,2.15,10.6583,77.0094
20240910,5.67,27.1,22.41,91.29,2.56,10.6583,77.0094
20240911,4.69,26.94,22.49,91.48,2.04,10.6583,77.0094
20240912,0.85,26.84,21.43,88.72,1.75,10.6583,77.0094
20240913,0.09,27.73,21.19,90.09,1.42,10.6583,77.0094
20240914,0.67,28.19,21.14,89.27,1.61,10.6583,77.0094
20240915,0.24,27.43,21.52,89.67,1.65,10.6583,77.0094
20240916,0.02,28.28,21.56,88.36,1.59,10.6583,77.0094
20240917,0.01,28.51,20.83,88.69,1.79,10.6583,77.0094
20240918,0.0,27.79,20.85,87.97,1.5,10.6583,77.0094
20240919,0.03,26.64,20.64,89.74,1.25,10.6583,77.0094
20240920,0.1,28.02,20.42,88.44,1.62,10.6583,77.0094
20240921,0.73,27.46,21.77,89.06,1.81,10.6583,77.0094
20240922,5.11,27.75,21.22,89.97,1.69,10.6583,77.0094
20240923,3.87,27.07,20.73,89.35,1.87,10.6583,77.0094
20240924,3.52,26.36,21.62,90.97,2.07,10.6583,77.0094
20240925,1.19,27.68,21.09,87.87,2.12,10.6583,77.0094
20240926,1.13,27.75,21.11,88.9,1.54,10.6583,77.0094
20240927,0.49,28.41,20.46,88.17,1.26,10.6583,77.0094
20240928,2.17,29.0,21.37,86.75,0.64,10.6583,77.0094
20240929,9.01,28.82,21.56,82.22,0.85,10.6583,77.0094
20240930,6.08,27.53,21.68,84.91,0.72,10.6583,77.0094
20241001,2.07,31.01,21.81,81.41,0.6,10.6583,77.0094
20241002,2.3,29.86,21.93,86.38,0.81,10.6583,77.0094
20241003,0.23,28.24,22.4,89.81,1.23,10.6583,77.0094
20241004,7.34,26.81,22.08,91.48,1.1,10.6583,77.0094
20241005,8.09,26.61,21.52,88.38,0.84,10.6583,77.0094
20241006,10.72,27.6,21.0,88.18,0.61,10.6583,77.0094
20241007,9.59,28.05,21.14,87.78,0.97,10.6583,77.0094
20241008,9.95,28.6,21.32,85.75,0.52,10.6583,77.0094
20241009,9.91,28.08,22.26,89.76,0.97,10.6583,77.0094
20241010,2.42,27.81,21.56,89.61,1.1,10.6583,77.0094
20241011,23.55,25.79,21.42,91.63,1.02,10.6583,77.0094
20241012,20.85,26.97,21.24,91.82,0.79,10.6583,77.0094
20241013,33.79,28.19,21.49,89.01,0.29,10.6583,77.0094
20241014,12.36,25.9,21.6,92.7,0.6,10.6583,77.0094
20241015,13.67,24.09,18.85,89.82,1.01,10.6583,77.0094
20241016,3.11,26.03,18.14,90.16,1.53,10.6583,77.0094
20241017,3.21,27.47,20.69,90.42,1.7,10.6583,77.0094
20241018,4.47,28.65,20.95,89.07,1.23,10.6583,77.0094
20241019,3.33,25.67,21.72,92.44,0.67,10.6583,77.0094
20241020,11.85,28.41,21.4,86.34,0.4,10.6583,77.0094
20241021,8.38,28.27,22.43,88.73,0.45,10.6583,77.0094
20241022,22.68,28.12,21.74,86.96,0.57,10.6583,77.0094
20241023,15.55,29.05,22.16,87.85,0.55,10.6583,77.0094
20241024,7.38,24.1,20.64,90.83,0.95,10.6583,77.0094
20241025,11.05,28.62,20.16,87.79,0.74,10.6583,77.0094
20241026,3.44,28.43,21.21,88.77,0.99,10.6583,77.0094
20241027,0.45,28.17,20.65,88.89,1.03,10.6583,77.0094
20241028,2.49,27.71,20.65,87.99,1.0,10.6583,77.0094
20241029,0.85,28.53,20.65,86.64,0.84,10.6583,77.0094
20241030,0.11,28.92,20.74,88.1,0.81,10.6583,77.0094
20241031,7.14,29.75,21.44,85.23,0.55,10.6583,77.0094
20241101,13.12,27.94,22.17,89.4,0.55,10.6583,77.0094
20241102,16.98,26.48,22.25,91.64,0.9,10.6583,77.0094
20241103,7.92,27.58,21.38,89.15,0.91,10.6583,77.0094
20241104,13.06,28.12,21.25,87.48,0.93,10.6583,77.0094
20241105,5.83,27.44,19.98,86.38,0.97,10.6583,77.0094
20241106,0.06,28.5,20.21,82.53,0.66,10.6583,77.0094
20241107,4.34,27.39,20.88,87.79,0.66,10.6583,77.0094
20241108,4.61,28.33,21.4,87.68,1.1,10.6583,77.0094
20241109,2.26,27.55,21.02,86.08,1.34,10.6583,77.0094
20241110,0.0,27.34,18.97,82.88,1.22,10.6583,77.0094
20241111,0.03,27.76,18.56,79.23,1.01,10.6583,77.0094
20241112,0.29,28.19,20.48,79.96,0.44,10.6583,77.0094
20241113,0.78,27.14,20.32,90.46,1.13,10.6583,77.0094
20241114,10.66,25.79,21.54,92.96,1.31,10.6583,77.0094
20241115,7.3,26.97,21.15,90.72,1.29,10.6583,77.0094
20241116,9.59,27.45,20.55,90.24,1.32,10.6583,77.0094
20241117,7.79,27.42,21.14,90.01,1.45,10.6583,77.0094
20241118,1.82,27.24,19.9,89.08,1.77,10.6583,77.0094
20241119,1.42,27.22,20.43,87.35,1.59,10.6583,77.0094
20241120,0.39,26.57,19.49,88.31,1.43,10.6583,77.0094
20241121,0.79,27.24,19.18,87.6,1.23,10.6583,77.0094
20241122,0.02,27.91,19.23,86.84,1.04,10.6583,77.0094
20241123,0.0,27.35,19.01,86.29,1.07,10.6583,77.0094
20241124,0.0,27.57,19.77,86.09,1.32,10.6583,77.0094
20241125,0.05,26.04,19.31,87.08,1.12,10.6583,77.0094
20241126,6.38,25.09,19.04,90.64,0.82,10.6583,77.0094
20241127,2.84,25.24,19.65,91.26,0.83,10.6583,77.0094
20241128,0.49,27.65,20.33,79.82,0.66,10.6583,77.0094
20241129,3.51,26.27,20.31,87.12,0.85,10.6583,77.0094
20241130,2.42,27.38,20.83,91.6,0.98,10.6583,77.0094
20241201,16.07,27.08,22.49,92.59,1.57,10.6583,77.0094
20241202,28.12,25.32,22.98,96.38,1.85,10.6583,77.0094
20241203,7.97,26.59,22.07,92.16,1.33,10.6583,77.0094
20241204,1.31,27.89,21.04,85.6,0.99,10.6583,77.0094
20241205,1.6,27.98,19.49,88.28,0.97,10.6583,77.0094
20241206,0.19,28.28,19.61,87.55,1.08,10.6583,77.0094
20241207,0.71,28.27,19.24,87.45,0.96,10.6583,77.0094
20241208,0.22,28.15,19.41,86.51,0.92,10.6583,77.0094
20241209,0.07,28.18,18.48,85.54,0.91,10.6583,77.0094
20241210,0.03,27.52,18.46,85.44,0.99,10.6583,77.0094
20241211,2.03,26.76,19.44,87.26,1.23,10.6583,77.0094
20241212,23.14,25.49,20.25,92.31,1.49,10.6583,77.0094
20241213,31.94,24.7,20.84,94.36,2.2,10.6583,77.0094
20241214,6.79,25.91,19.99,88.98,1.99,10.6583,77.0094
20241215,1.37,25.6,17.71,86.27,1.56,10.6583,77.0094
20241216,0.0,25.41,17.05,87.24,1.23,10.6583,77.0094
20241217,0.0,27.69,17.33,80.77,0.63,10.6583,77.0094
20241218,0.0,28.45,19.35,82.29,0.62,10.6583,77.0094
20241219,0.0,28.08,19.69,86.08,0.58,10.6583,77.0094
20241220,0.0,28.7,19.97,85.94,0.75,10.6583,77.0094
20241221,0.39,28.54,20.92,89.42,0.9,10.6583,77.0094
20241222,0.2,28.72,20.59,85.78,0.64,10.6583,77.0094
20241223,0.19,27.68,20.47,85.8,0.63,10.6583,77.0094
20241224,0.0,27.38,19.31,85.14,0.56,10.6583,77.0094
20241225,0.0,27.92,19.34,83.49,0.5,10.6583,77.0094
20241226,0.91,28.34,20.08,85.63,0.49,10.6583,77.0094
20241227,2.72,27.86,20.63,86.6,1.61,10.6583,77.0094
20241228,0.23,27.15,19.92,84.91,1.75,10.6583,77.0094
20241229,0.16,27.22,18.13,84.85,1.39,10.6583,77.0094
20241230,1.35,27.39,18.93,88.41,1.7,10.6583,77.0094
20241231,0.15,27.21,19.66,86.58,2.25,10.6583,77.0094
